name,phonenumber
Justin Hayes,(576) 715-2356
Pauline Moss,(200) 706-6826
Adele Townsend,(848) 577-8097
Jack Todd,(741) 343-2240
Francis Cain,(489) 836-7416
Oscar Morgan,(352) 533-1352
Polly Gardner,(257) 687-5591
Angel Vargas,(287) 567-5113
Cornelia Ryan,(883) 646-7867
Laura Clark,(425) 369-2773
Polly Blake,(330) 705-3751
Aaron Harrington,(566) 996-5909
Polly Chambers,(769) 950-7987
Eugene McDonald,(306) 242-4417
Donald Cook,(888) 847-2740
Winnie Griffin,(202) 542-4281
Roy Harrington,(319) 200-4696
Gabriel Jefferson,(721) 518-1302
Martin Montgomery,(739) 297-3409
Jacob Ray,(312) 962-1040
Marc Ellis,(434) 808-3182
Maurice Graves,(263) 398-9217
Jerome Dixon,(475) 710-9092
Elijah Smith,(423) 240-6165
Adele Foster,(212) 878-6738
Gary Williamson,(328) 518-1144
Seth Ray,(211) 555-1907
David Larson,(885) 812-4808
Sophie Barnes,(257) 699-3877
Cameron Cruz,(573) 913-1988
Lucinda Ramirez,(450) 504-1208
Bertha Ortiz,(915) 222-3563
Linnie Newton,(510) 325-3861
Jose Nichols,(678) 795-4050
Gregory Klein,(583) 609-8245
Duane Lawson,(616) 395-9556
Leonard Palmer,(751) 625-5416
Belle Baldwin,(325) 748-7617
Harry Brewer,(582) 264-5394
Essie Weber,(720) 373-5139
Barbara Bowman,(559) 221-6305
Emily Joseph,(218) 307-8705
Katharine Torres,(711) 526-5944
George Strickland,(516) 855-3993
Lena Luna,(338) 989-4267
Winnie Graham,(444) 590-5088
Brent Jensen,(678) 974-1674
Curtis Hale,(901) 981-2059
Cameron Maldonado,(521) 897-6078
Albert Byrd,(200) 429-5080
Winnie Newton,(743) 500-4612
David Alexander,(203) 480-9484
Lawrence Harrison,(319) 209-4088
Matthew Yates,(566) 400-5616
Chad Lyons,(422) 359-1226
Bernard Cortez,(830) 683-1679
Mildred Spencer,(928) 223-9671
Jackson Francis,(971) 342-1444
Wesley Walton,(338) 463-8988
Tony Johnson,(850) 432-9123
Elmer Morris,(936) 640-3910
Duane Lewis,(322) 649-2662
Jack Cook,(869) 694-3321
George Collier,(550) 343-9320
George Clayton,(584) 209-5523
Hannah McCarthy,(573) 742-3987
John Tate,(804) 202-6592
Anthony Newman,(562) 604-1243
Addie Roberts,(754) 488-2000
Jay Shaw,(947) 767-4081
Mathilda Little,(516) 813-2898
Cory Peterson,(419) 504-6228
Hallie Fernandez,(216) 293-6243
Viola Romero,(620) 611-4147
Katie Schultz,(579) 664-4610
Rebecca Olson,(517) 761-4268
Inez Powers,(839) 319-5103
Elsie Chandler,(952) 478-2323
Esther Buchanan,(601) 441-7372
Lottie Murphy,(942) 260-7028
Melvin Lowe,(354) 906-9818
Gregory Miles,(971) 875-1039
Stanley Salazar,(627) 539-2255
Aiden Hughes,(387) 544-1642
Erik Douglas,(844) 983-3857
Jesse Martin,(670) 973-1779
Myrtie Castro,(724) 792-2111
Manuel Payne,(813) 615-7844
Carolyn French,(715) 949-1007
Agnes Stewart,(630) 250-7426
Johnny Webb,(687) 421-3708
Shane Brewer,(262) 467-9089
Dustin Hart,(708) 645-9557
Fannie Pena,(478) 221-6269
Noah Carson,(656) 606-4523
Olivia Lee,(783) 225-3757
Cordelia Obrien,(442) 644-9629
Robert Moran,(489) 719-8051
Francis McGuire,(556) 995-4093
Connor Lambert,(620) 999-6468
